Año,Mes,Índice Original,Interanual Original,Acumulada Original ,Promedio 12 meses Original,Índice Desestacionalizada,Respecto al período anterior Desestacionalizada,Interanual Desestacionalizada,Acumulada Desestacionalizada ,Promedio 12 meses Desestacionalizada,Índice Tendencia-Ciclo,Respecto al período anterior Tendencia-Ciclo,Interanual Tendencia-Ciclo,Acumulada Tendencia-Ciclo ,Promedio 12 meses Tendencia-Ciclo
2007,Enero,54.00396026,,,,55.2786703197856,,,,,55.6942155633379,,,,
2007,Febrero,55.85555807,,,,56.1928165940616,,,,,55.9473350049851,,,,
2007,Marzo,58.68052803,,,,56.7284326891598,,,,,56.3575387204137,,,,
2007,Abril,55.85902183,,,,53.1312450672342,,,,,56.8517939761752,,,,
2007,Mayo,60.61766792,,,,59.4499289054713,,,,,57.4838412147373,,,,
2007,Junio,57.44812815,,,,57.4900249038013,,,,,58.2724516685843,,,,
2007,Julio,58.87031841,,,,58.7604123295695,,,,,59.1199538056526,,,,
2007,Agosto,59.52835115,,,,60.9888225792604,,,,,59.8855620291588,,,,
2007,Septiembre,57.21236859,,,,61.2171701469398,,,,,60.4811032851872,,,,
2007,Octubre,60.44619547,,,,60.2430623647117,,,,,60.8118952034301,,,,
2007,Noviembre,60.79128351,,,,61.0716907379064,,,,,60.88502257869,,,,
2007,Diciembre,61.23713126,,,,59.9954336279643,,,,,60.830997211916,,,,
2008,Enero,60.2167524,11.504326923597347,11.504326923597347,,61.5358630667739,2.567577806607588,11.319361899970843,11.319361899970843,,60.7935774555013,-0.06151429062445857,9.155999129504181,9.155999129504181,
2008,Febrero,60.65724247,8.596609837793352,10.025964711509388,,60.9258502564376,-0.9913126751376922,8.422844678827119,9.85922652835724,,60.8937653241775,0.16480008722882644,8.841225982884907,8.998255721294314,
2008,Marzo,62.11386957,5.8509043038002915,8.572335413471748,,60.0508076956244,-1.436241853220153,5.856631056016241,8.50927958206529,,61.086758675746,0.3169345014897118,8.391459355231376,8.79469777439958,
2008,Abril,63.92988012,14.448620877326945,10.035102441215727,,61.3345572338918,2.1377723090324707,15.439713780990516,10.172952198590153,,61.180069847463,0.15275187903209542,7.613261725921333,8.495980874341981,
2008,Mayo,62.97404143,3.887271798561784,8.727575166112246,,61.7127405148692,0.6165908714971948,3.806247797194004,8.824926520632289,,61.1049982400865,-0.12270598507598152,6.29943467386245,8.048760245558498,
2008,Junio,61.05015591,6.270052438601525,8.315328260472327,,61.139572280917,-0.9287680779856231,6.348140191663745,8.40399047272544,,60.842703455073,-0.4292525858243579,4.410749355641698,7.426354645800373,
2008,Julio,61.89969489,5.145846942600201,7.850409204195373,,61.9477232729173,1.3218132902322282,5.424248770534717,7.962990608811509,,60.4128914998346,-0.7064313891899587,2.186973451353367,6.651446087000153,
2008,Agosto,57.69629758,-3.077615177654721,6.438869290445965,,59.1710142407564,-4.482342345218754,-2.98055981674608,6.505775333651869,,59.9381073958967,-0.7858986586318224,0.08774296334117082,5.79622372824214,
2008,Septiembre,54.62506714,-4.5222764128878055,5.2284035937582445,,58.5794179293075,-0.9998076237831555,-4.308843762788911,5.230751192881769,,59.5040273958215,-0.7242137246811353,-1.6155060610559389,4.934322280874852,
2008,Octubre,60.37130376,-0.12389813687640583,4.669174693410412,,60.2502216791411,2.8522027170872377,0.011884047968962363,4.688195417012537,,59.1979435074437,-0.5143918853453755,-2.65400657319978,4.13994090948826,
2008,Noviembre,57.2469047,-5.830406277598925,3.6707863878863094,,57.3838930923004,-4.757374341467425,-6.038473146965032,3.6654907774697847,,59.0775847497067,-0.20331577518713573,-2.9686082922073354,3.465571259310707,
2008,Diciembre,60.66390093,-0.9360829258414896,3.2680867170299592,,59.3342913793415,3.398860171274805,-1.1019876157952098,3.2572003365413167,,59.0551341109578,-0.03800195766976344,-2.919339123722807,2.9127838062106974,
2009,Enero,58.06515475,-3.5730881594338513,-3.5730881594338513,2.055880428641842,59.4517242512719,0.1979173749284655,-3.3868685862753836,-3.3868685862753836,2.0482187874209785,59.0611570980429,0.01019892203406414,-2.849676610537472,-2.849676610537472,1.9264749464522168
2009,Febrero,58.52408183,-3.5167451620555,-3.5448139979225743,1.0674166851078581,58.7072278249382,-1.2522705366577611,-3.6415124650065422,-3.513556302813754,1.0576041461976473,59.1196341702533,0.0990110507204065,-2.9134857148007427,-2.88160743038938,0.9700888070110096
2009,Marzo,61.15812783,-1.538692962805868,-2.86385113353694,0.4484318357395978,59.0183023393952,0.5298743033559816,-1.7193862927915973,-2.9232331970692655,0.4434956460087136,59.2778252042533,0.2675778296334528,-2.961252996078386,-2.908226570694765,0.05232171184246681
2009,Abril,62.52247358,-2.201484716314525,-2.692356752993348,-0.8674114158426107,60.1359728844616,1.8937693914661224,-1.954174617841531,-2.6794870783274405,-0.8618221071016166,59.5904484754519,0.527386539775037,-2.598266683863585,-2.8304932512562715,-0.7679577415879493
2009,Mayo,60.59680802,-3.7749417950926016,-2.9123521138734816,-1.51712211127726,59.15324160636,-1.6341820560377585,-4.147440037754464,-2.9759638874790255,-1.5239803950708506,60.0370898434647,0.74951838665352,-1.7476612836578482,-2.61359616347643,-1.4105828430014355
2009,Junio,60.76907046,-0.4604172517010028,-2.50880916359381,-2.042269046920083,60.9119935281446,2.9732130886222023,-0.37222823824600937,-2.541844584822144,-2.0482099764750075,60.5318900769389,0.8241575911895467,-0.5108474155222353,-2.2639479983439514,-1.8013982726449314
2009,Julio,61.38976905,-0.8237937859082791,-2.267838959023834,-2.517291409889637,61.6283049536446,1.1759776425130894,-0.51562559912891,-2.2490171078082,-2.518248077420836,61.044594000964,0.846998042475505,1.0456418910707725,-1.794947364191259,-1.8888826473731086
2009,Agosto,59.63981812,3.368535974609415,-1.6048974357326529,-2.006564383812943,61.1786932255351,-0.7295539418903303,3.393010937094658,-1.5646544278568086,-2.0007244567371885,61.5066317739536,0.7568856514670301,2.6169067496520313,-1.2511188318050586,-1.680868002418407
2009,Septiembre,57.92197824,6.035527776195252,-0.8393305520231706,-1.205025735119989,61.9019272280058,1.1821664771499911,5.671803196658317,-0.7888319919103424,-1.188930505277071,61.904654921448,0.6471223281372147,4.034395032889961,-0.6748377766041074,-1.2193342737061243
2009,Octubre,62.48766211,3.5055700609239153,-0.40614730802138865,-0.9039729825132383,62.4769517600954,0.9289283190999669,3.695803963697614,-0.34343298996491,-0.8839132645193075,62.3178839014899,0.6675248906019391,5.270352666311595,-0.09307030722823129,-0.5705931631770369
2009,Noviembre,62.71423054,9.550430488165773,0.4538397460205772,0.336280739223227,62.5825245043004,0.1689787053158227,9.059391288838057,0.4691346851280116,0.33894596098826923,62.8381821867597,0.8349100654513109,6.365523324938692,0.48153734269922666,0.1961336379725509
2009,Diciembre,64.9153675099999,7.008231443780161,1.003452926921966,1.003452926921966,63.3460855991374,1.2200867588595372,6.761341757917563,0.9852547022677811,0.9852547022677811,63.4557136085676,0.982732791302837,7.451645930295612,1.050791633928867,1.050791633928867
2010,Enero,60.37279092,3.97421858244509,3.97421858244509,1.6246735544865913,61.8308552772811,-2.3919872988599167,4.00178641741968,4.00178641741968,1.606898535682049,64.1353216149504,1.0709957665514906,8.591373359794275,8.591373359794275,1.9968982895555172
2010,Febrero,64.6020962,10.385492911542542,7.192474010451221,2.771265114611765,64.7163115673441,4.666693153641717,10.235679600346103,7.099093738580947,2.7560822630864834,64.738512659644,0.9404974193705442,9.504251114290383,9.048038087697918,3.029226426796299
2010,Marzo,68.24462559,11.587172484576698,8.704572555186402,3.8947229030061408,66.1297878019221,2.184111239261725,12.049627286178193,8.748132079405806,3.8942575074937906,65.1845643215734,0.6890051124196646,9.964500379302521,9.354170822235659,4.1118081448776564
2010,Abril,67.95597553,8.69047822147921,8.700904959560546,4.856741592978182,65.8563397961115,-0.41350201611059845,9.51238773943237,8.9417970435169,4.865981179700029,65.4824612033664,0.4570052510029683,9.88751197323458,9.488244493378033,5.165589374101074
2010,Mayo,66.06493546,9.023787916675815,8.765936018419083,5.9710465197475315,64.3699478682081,-2.257021772702842,8.818969375445377,8.917289534279234,5.9721064706292,65.6811973711344,0.3034952628777887,9.401034497817335,9.470620533949841,6.111896468010642
2010,Junio,65.74985285,8.196245807772385,8.670205583137161,6.710209683997533,66.0843359796538,2.6633361812809824,8.491500855442041,8.844717625292333,6.730253683694443,65.8587643847277,0.270346797409843,8.800112306121761,9.357127574282458,6.903258349947578
2010,Julio,65.3038042099999,6.375712468981675,8.337227057761382,7.334929019295842,65.7668484736085,-0.48042777662628566,6.715329138253637,8.531523153847402,7.357870160755752,66.1213823379784,0.3987593082016616,8.316524042954953,9.205398678058515,7.51847498006839
2010,Agosto,65.09496018,9.146812032564938,8.437262217292925,7.8057500418029235,66.5768822022234,1.2316748444164176,8.823642173571585,8.568740981872011,7.810942226609427,66.4930111520973,0.5620402976745282,8.107059733768878,9.064708439970403,7.978713147412961
2010,Septiembre,63.28075726,9.251719611156716,8.524528390630763,8.056771896725053,67.1635974830095,0.8812597727300755,8.500010404560058,8.560892514465252,8.044532121655593,66.9386706728488,0.6702351315269794,8.131885651876345,8.95818040001781,8.318139540116846
2010,Octubre,67.27817077,7.6663272368344195,8.435605804382988,8.404024272592792,67.389839212227,0.3368517138688816,7.8635197680523135,8.488824546537899,8.392111228437997,67.4057356165074,0.6977505513088289,8.164352504427484,8.87633006078363,8.554586921271067
2010,Noviembre,68.02752415,8.47222961080756,8.4390555958894,8.319571795016458,67.563156597253,0.2571862272592256,7.958503004477464,8.43907708808942,8.30205049602138,67.7668166628651,0.5356829697876151,7.843375324666653,8.779048765412028,8.671116013292647
2010,Diciembre,70.1166000399999,8.012328558717272,8.401145413523281,8.401145413523281,68.3790624828985,1.2076195470101396,7.9452058263085945,8.396250102235086,8.396250102235086,68.0043163116253,0.35046599568302383,7.168153101415228,8.639152044877065,8.639152044877065
2011,Enero,63.98339504,5.980515502065174,5.980515502065174,8.552452596775211,65.4378967581476,-4.301266525095286,5.833724060084052,5.833724060084052,8.536540978458348,68.1542767467869,0.22051605441397726,6.266367783988258,6.266367783988258,8.43615454065825
2011,Febrero,68.36121584,5.81888183374457,5.896963725939315,8.168370375644656,68.5544663426809,4.7626371551210696,5.930737834684521,5.883336973750275,8.173303019201256,68.1991798754291,0.06588453547679762,5.34560816060015,5.8038331750761785,8.081109490800515
2011,Marzo,70.60465616,3.4581925676881724,5.03559614323386,7.457370066685499,68.5752986860255,0.030388017668286693,3.6980473783288375,5.133310913311107,7.469915682222677,68.1599878254811,-0.05746703995500013,4.564613624214942,5.38757710419226,7.624972482072295
2011,Abril,68.44957822,0.7263565656298994,3.9143631314304486,6.746217442250412,66.6330093639828,-2.832345406084997,1.1793391042925094,4.12611332369184,6.7554137634832045,68.0884560671251,-0.10494684731921211,3.9796837441179207,5.0323639697333675,7.129035971390763
2011,Mayo,70.8420961199999,7.231007836058964,4.583943973178492,6.606224191948385,68.8400811300989,3.312279885274222,6.944441326941899,4.687939910958065,6.610224182572594,68.0138569666047,-0.10956203860290259,3.5514876232988257,4.733289139327951,6.639616804788801
2011,Junio,67.47432976,2.622784440193641,4.255829110283855,6.135742687138304,68.0491635494219,-1.1489201751262499,2.9732122455963435,4.39662819440052,6.144483637615238,68.0028153847107,-0.016234312221740765,3.2555287364003362,4.484431438235845,6.176813117670605
2011,Julio,66.8262543099999,2.331334473416291,3.981601651878151,5.792161423251272,67.5237973850786,-0.7720391213357942,2.6714810763285044,4.1471364194303675,5.800481152407073,68.1054926172326,0.1509896787964351,3.0007090128764133,4.2698529061658235,5.733995919991642
2011,Agosto,66.8554653399999,2.704518376125847,3.8227682058580683,5.272267657182141,68.2741849108002,1.1112934325097967,2.5493874937269254,3.9430950733884345,5.280288646226921,68.279433539645,0.2553992574284507,2.686631807757081,4.068833047422984,5.283747492160813
2011,Septiembre,65.2574725,3.1237224799291425,3.7473660920423413,4.800504782961795,68.9629958094211,1.0088892302717767,2.679127375311907,3.798841288394229,4.798875201620433,68.5062588378311,0.33220149381349984,2.341827450747587,3.873105268029775,4.804769881749607
2011,Octubre,67.16071339,-0.17458468126541504,3.343875774160125,4.143124779471989,67.2507797855797,-2.482804007779933,-0.20635073220664424,3.3873219657270397,4.122535998994707,68.7486445850454,0.3538154780690519,1.992277001735033,3.6804442051582953,4.296133921895716
2011,Noviembre,70.45428368,3.567320081573186,3.364929623166873,3.7483215583906144,69.7605990461595,3.7320299758337967,3.2524271505038627,3.374724072365808,3.7427011195757984,68.9952361297741,0.3586856820481046,1.8127153190923764,3.50605881206765,3.8004867229455073
2011,Diciembre,71.1059135999999,1.4109548372790641,3.1919622753882066,3.1919622753882066,69.1191202052613,-0.9195431943950894,1.0822870268920184,3.1767582250904667,3.1767582250904667,69.2548645822706,0.3762990998511242,1.8389248484092349,3.363238492762278,3.363238492762278
2012,Enero,67.3530663899999,5.266477885228355,5.266477885228355,3.147199087750181,68.735447218785,-0.5550895111756518,5.039206062543286,5.039206062543286,3.123444184725386,69.4913580032552,0.34148275707572395,1.9618449792020272,1.9618449792020272,3.010150498164748
2012,Febrero,69.87592673,2.2157459772880657,3.6906544267440324,2.8516608044935765,70.3649515374463,2.370689919968939,2.640944188399615,3.8121841701971135,2.8547557069456673,69.7448501654665,0.36478228299903037,2.2664059785772963,2.114175627019634,2.7581609228490436
2012,Marzo,71.77202206,1.6533837334390142,2.98190194439438,2.6945230636496404,69.9543936550727,-0.5834692889045954,2.011066660258294,3.2024512536832788,2.713031342317791,70.0493039667801,0.43652513496164147,2.7718845052268364,2.333376028501192,2.612913626401877
2012,Abril,68.86206187,0.6026094838367868,2.3818199314028448,2.682754715139879,67.2983441808594,-3.7968300994925386,0.9985063307620123,2.656927046559616,2.6965320309883225,70.3436748929753,0.42023390601397637,3.3121896957494528,2.5778567575587203,2.5610009885590728
2012,Mayo,72.97074639,3.0047816010333435,2.5107697592670775,2.3387210992248555,70.6231629562536,4.940416909008903,2.5901797279769454,2.64333433386021,2.348612128817493,70.5054990229578,0.2300478759870117,3.663432964221556,2.7946236663836714,2.573265259352013
2012,Junio,69.76771238,3.3988964813097766,2.657031711244187,2.4040727111851083,70.7021235616467,0.11180553530576276,3.898593125686304,2.8536801402739655,2.427974597457478,70.4983401515334,-0.010153635565472996,3.669737425876889,2.9402611958038847,2.609784910927388
2012,Julio,69.92311879,4.634203296258505,2.9342939519899573,2.5938466887309772,70.7342665121062,0.04546249651396295,4.7545743150651845,3.124693393327078,2.602007639244036,70.3489256761643,-0.21194041596999114,3.294055989786713,2.9908048340932254,2.6353023640500055
2012,Agosto,69.2711769,3.61333444874667,3.0178379707549254,2.6689041401434253,70.5664002595402,-0.2373195635488372,3.357367578587372,3.1540087561601666,2.669801810036887,70.1733954561474,-0.249513717984712,2.7738395272460963,2.963622865030956,2.642719918383051
2012,Septiembre,65.8185778099999,0.8598330405761345,2.7864654007998553,2.4885321359068513,69.1903277461949,-1.9500392655487246,0.3296433603348987,2.835147474478731,2.4708162191088547,70.1061818280911,-0.09578220865529374,2.335440611415308,2.8934782332429023,2.641606622401227
2012,Octubre,69.35167178,3.26226193768548,2.8337487941718678,2.7724945812252884,69.3089142974174,0.1713918044405034,3.060387579742269,2.857485677295486,2.7411492884694866,70.1682372443006,0.08851632565252032,2.0649027596451077,2.8099857609742713,2.646644254502135
2012,Noviembre,72.0241877499999,2.2282592171830657,2.776585347604083,2.6592960246482704,71.1752009801249,2.6927080039068443,2.0277949921694045,2.780092123261497,2.6378617365427885,70.3746709052048,0.2941981571882337,1.9993188701261886,2.7355340036919955,2.661108980120332
2012,Diciembre,73.0727564,2.7660748599116687,2.7756710090351078,2.7756710090351078,71.0334268674408,-0.19919032293803696,2.7695761411525837,2.7792024390682855,2.7792024390682855,70.6998630439541,0.4620869050845613,2.0864938086290437,2.6807518891318978,2.6807518891318978
2013,Enero,69.6306019099999,3.3814874987460968,3.3814874987460968,2.6312087515366613,70.8921017275394,-0.19895582422783775,3.1376161733403194,3.1376161733403194,2.628943607657135,71.0564513830027,0.5043692076559125,2.2522129725457205,2.2522129725457205,2.7041344193640384
2013,Febrero,70.88246856,1.4404700976478892,2.393136665462677,2.5645601941475746,71.8174308842025,1.305264104341859,2.0642085513030253,2.59462509653585,2.5796056075953544,71.3667332210316,0.43666948178491793,2.325452060929578,2.288899185943592,2.7083141775298145
2013,Marzo,72.36784574,0.8301614792208625,1.8564029589322502,2.4915142614781303,70.8146162384837,-1.396338790419449,1.2296905719067865,2.1378875783571516,2.5122748498427825,71.6500351184089,0.39696632393118136,2.2851492605664276,2.287644060063542,2.6671459229282277
2013,Abril,73.73655477,7.078633383360227,3.150614332405425,3.0318782024640853,72.3177845121739,2.122680815819095,7.458490089778607,3.4335766502406244,3.0385716923864834,71.9901791989432,0.47472981691100813,2.3406572210976577,2.3009800805428853,2.5863198722368708
2013,Mayo,75.35112644,3.2621018254052103,3.1738028764790442,3.0545415064218986,72.7330716548062,0.5742531321080406,2.9875590531955396,3.342794733785624,3.071583081243176,72.4810586151028,0.6818699739628045,2.8019936310240183,2.401867572702841,2.5163794972967253
2013,Junio,71.31597942,2.2191741526039124,3.0154528549862363,2.9561223757994526,72.4504783965116,-0.3885347502382359,2.47284628352142,3.1955350253121537,2.952571631762922,73.108290336316,0.8653732895155457,3.7021441627882723,2.6197946864304527,2.522580953241558
2013,Julio,72.81903871,4.141577163766556,3.1759791875061865,2.920940001078563,73.6292772971762,1.6270408791688027,4.092798197850129,3.3254809782457215,2.9032497485168847,73.717837154277,0.8337588188110203,4.788859880562697,2.930582904907226,2.650627076985117
2013,Agosto,73.71745009,6.4186482588835645,3.5772388793935477,3.1560156498841963,74.9418696635809,1.7827044004614265,6.200499654152566,3.6884278617876873,3.145039894348173,74.2601661855694,0.7356822340804854,5.823817848426472,3.292386674225696,2.9067174895124737
2013,Septiembre,71.64577982,8.853430450626917,4.132327477575217,3.7850658654099476,74.7252146218989,-0.2890974600107796,7.99950954995785,4.163276121786581,3.7803516273295656,74.6877752880093,0.5758256739842835,6.535220347833004,3.6525269277613006,3.256867116985987
2013,Octubre,77.40969376,11.619073878365825,4.8794407442628795,4.476512687983927,77.1509404414764,3.2461945166051294,11.31459960605848,4.873908185604691,4.462605705314687,75.0004041482223,0.41858103151078296,6.8865445302521096,3.9760451547478795,3.6577746687770514
2013,Noviembre,75.8685548,5.337605560154486,4.922464691319831,4.739511860545932,75.0729114660955,-2.693459034316234,5.476219852275534,4.929680587724448,4.751464554598812,75.2459691876698,0.3274182882564247,6.921948223426398,4.244658483402318,4.0669499651553025
2013,Diciembre,76.7727986,5.06350435139737,4.934733005022281,4.934733005022281,74.6219137999433,-0.6007462043827587,5.051828541510702,4.940013709659112,4.940013709659112,75.4680581656299,0.2951506643581041,6.744277734613746,4.454417340001427,4.454417340001427
2014,Enero,75.66790502,8.670473820983986,8.670473820983986,5.367738070059076,76.8036608136007,2.92373500297316,8.338812000215867,8.338812000215867,5.373391772640289,75.7669423015489,0.39604058085480176,6.629223422875555,6.629223422875555,4.8188046487615
2014,Febrero,74.12675841,4.576998961673851,6.605501487480339,5.626672912458815,75.5738860328554,-1.6011929219492629,5.230561859988782,6.774609977188533,5.63734750693061,76.2025288019486,0.5749031004393714,6.775980015702771,6.702761580569771,5.189596832070677
2014,Marzo,78.19442446,8.051336419400215,7.097006133277091,6.242500100358853,76.8203149866336,1.649285248129658,8.480874524440551,7.340487278494322,6.2411435492621905,76.6911229323559,0.6411783678165932,7.035708783137508,6.8141985869710595,5.5858339188963555
2014,Abril,78.30960905,6.201882220106896,6.866722357400718,6.1711386001719575,76.9121016320997,0.11948225606998619,6.352956124025624,7.090642672463801,6.154189384338608,77.1565167520344,0.6068418375996458,7.176447691308226,6.9053615181052805,5.989616077634835
2014,Mayo,80.83020347,7.271393659075343,6.950962920356886,6.517920562081869,78.1181501016086,1.5680867430692587,7.403892513106271,7.154182023468508,6.523668408775293,77.6424829818473,0.6298446978557593,7.121066476351132,6.948967055420255,6.350115032952999
2014,Junio,77.11156914,8.126635527036825,7.144471408552192,7.004162367028613,78.4318614268488,0.40158570681991534,8.255822684291886,7.339355281127368,7.006529728077339,78.1479603437741,0.6510319383332899,6.8934316262552215,6.939561114419405,6.615366499251891
2014,Julio,77.54881852,6.495251645433314,7.051060578023979,7.1947823907194675,78.3194202613401,-0.14336159242321855,6.369942957926838,7.19791773943119,7.192560617367789,78.7166552676093,0.727715632415098,6.781015702984817,6.916434274100695,6.779569136348229
2014,Agosto,77.43084472,5.037334614079029,6.795038932659665,7.072378878168763,78.5013440033671,0.23228433180422314,4.749647100832831,6.881356238753611,7.0611300188895285,79.3804526434322,0.8432743662268365,6.895064636763237,6.913696474533168,6.867428382933909
2014,Septiembre,77.69831158,8.447855233352385,6.976809215503039,7.050807251090532,80.5882543414296,2.658438991787193,7.846132994327306,6.991536191744288,7.053891642373529,80.0705433396907,0.8693458821132083,7.207026894193163,6.947178938472959,6.9236389532773615
2014,Octubre,81.93660036,5.847984122034063,6.8569233362187845,6.5817688813846615,81.4697439581021,1.093818973839376,5.597862439410932,6.84454064686318,6.587315314639525,80.7140041860575,0.8036174347374896,7.618092332600597,7.016173137846437,6.986469312891657
2014,Noviembre,80.55994845,6.183581145531463,6.793442987878805,6.649436592349161,79.8233051810255,-2.020920524708316,6.327706788187342,6.796433983268059,6.655221299758622,81.2333744543968,0.6434698334902009,7.957110967358133,7.104173222042661,7.075102519381659
2014,Diciembre,84.78963165,10.442283199508111,7.111226298956481,7.111226298956481,82.5291649373968,3.3898117225726025,10.596419650469358,7.118236781571554,7.118236781571554,81.6438728330961,0.5053321759146598,8.183349111636247,7.1967189705470105,7.1967189705470105
2015,Enero,81.04212151,7.10237251656369,7.10237251656369,6.988145175465547,82.1029652153171,-0.5164231607129466,6.899807047710382,6.899807047710382,7.00178117166044,81.9380287603402,0.3602914916168203,8.144827112371345,8.144827112371345,7.323489589540813
2015,Febrero,79.49160386,7.237393844105114,7.169188603984168,7.200745198930576,81.4067881104283,-0.8479317440765612,7.718144962185832,7.305673775222758,7.205346016715325,82.2327609902361,0.35970139183841354,7.913427917805919,8.028795888069666,7.417948585366574
2015,Marzo,83.62945534,6.950662937330378,7.0942398909037365,7.1102833040853,82.1382704854976,0.8985520643279159,6.9225900724167815,7.177275497505704,7.080410356948292,82.6172030289192,0.46750471959558126,7.7272047532676,7.927644384934922,7.475073039391873
2015,Abril,85.135437,8.71646281063893,7.508984203907801,7.32417793794599,83.8480674073564,2.081608136807162,9.01804219111591,7.639779995618952,7.304092676446558,83.0941249415675,0.5772670765449988,7.695536863872917,7.869084522829908,7.5178701982943466
2015,Mayo,86.35559237,6.835797341584993,7.368426805590971,7.28502562538867,83.8194281797108,-0.034156097488164505,7.298275843304694,7.570348135510756,7.295586972119722,83.6029537651261,0.6123523461092191,7.676816292276939,7.8301542598733676,7.563289072026151
2015,Junio,82.00904419,6.35115470301011,7.199455220351098,7.14032833243941,83.3404769348416,-0.571408389761757,6.258445762594761,7.3479495043788745,7.130256007206043,84.1424471178444,0.6453041769719476,7.670688713691902,7.80315750241536,7.626328596095931
2015,Julio,84.80002779,9.350509019205617,7.507345546622318,7.378411538301208,85.5927942437514,2.7025490994858785,9.286807739563386,7.628644581271772,7.375360184319931,84.6641550011655,0.6200293682811804,7.555579836740733,7.76708936883459,7.688346480939529
2015,Agosto,83.43290297,7.751508164096904,7.5378770437732925,7.5971798062523845,84.356704317721,-1.4441518552487764,7.458930020488253,7.607138148102607,7.596125411515857,85.0574782386084,0.4645687864450707,7.151666948381788,7.688257445668384,7.706069832339594
2015,Septiembre,82.62675846,6.343055311987783,7.4046682989785495,7.42631047181257,85.4677342951696,1.3170618582537514,6.054827708597628,7.4284443484066145,7.441966293704283,85.3633860035096,0.35964828870550036,6.610224488379686,7.564905426382012,7.6515338080846504
2015,Octubre,86.68773436,5.798549096649381,7.235702394344273,7.414291666467761,86.1642159607719,0.8149059657963136,5.762227514896878,7.254753330570594,7.447793465985427,85.6437019032669,0.3283795464085415,6.107611395224225,7.414199900806651,7.520404500239891
2015,Noviembre,87.04161247,8.045764855501233,7.311636129070749,7.568367245559045,86.3132012367848,0.17290852629673736,8.13032740380936,7.335893679214806,7.595841177534297,85.936423845872,0.34179038983592136,5.789553152338172,7.261046739772951,7.335315907553877
2015,Diciembre,87.93062788,3.7044579259002006,6.9877113111873115,6.9877113111873115,85.1967160261351,-1.2935277508556595,3.232252611257863,6.977091660733208,6.977091660733208,86.256473550253,0.37242613790284906,5.649659376872535,7.1215888398360505,7.1215888398360505
2016,Enero,83.24803605,2.7219358265785303,2.7219358265785303,6.614510421555792,84.2591095237624,-1.1005195342096101,2.6261466961525315,2.6261466961525315,6.60699763070869,86.7084933370815,0.524041579980846,5.822039715764205,5.822039715764205,6.9277996316487105
2016,Febrero,85.61443219,7.702484328764442,5.188157722499611,6.656724912755038,87.8778823305298,4.294814919384876,7.949084308944194,5.276283740309708,6.633469488541095,87.3280135327664,0.7144861729709646,6.196134583314404,6.0094229517081175,6.78623541362154
2016,Marzo,89.47001372,6.983853184568616,5.803209643975492,6.661278579406684,87.7334001601109,-0.16441243983949505,6.8118425692943845,5.789734426721324,6.625598247952041,88.0359870869379,0.8107061245654563,6.5589052392900555,6.193373107478095,6.691647832076626
2016,Abril,93.63827143,9.987420902062212,6.884977482646605,6.787655060003274,92.6794899603063,5.637636055560293,10.532648904171495,6.996681105031783,6.774046629632679,88.821458861859,0.8922166955945414,6.892585876942576,6.3694980627439435,6.628842545946583
2016,Mayo,91.6588346,6.141168260739491,6.730444978439067,6.726261759758785,89.3314482731616,-3.6124947262642877,6.57606501637413,6.911381138348219,6.714901935992174,89.5993617928899,0.875805172532381,7.1724834562784565,6.5318544701674455,6.591943434089842
2016,Junio,89.45549557,9.0800367856354,7.117630041213047,6.953297061432622,91.0010442233907,1.868990128900336,9.191892787628746,7.294058343314475,6.962613838848043,90.2595950088612,0.7368726771708793,7.269990475139764,6.656663825442607,6.5641207019761225
2016,Julio,89.28916619,5.293793548177803,6.852100195714783,6.621655280539613,90.1482078255109,-0.9371721007796907,5.32219285748117,7.004186591690825,6.635319250098817,90.7164109035118,0.5061133883946098,7.14854580697461,6.728182574918918,6.5351310481781155
2016,Agosto,90.1592784,8.062017729886023,7.003695796499997,6.654644275129186,90.9367976323015,0.8747703651713152,7.800320517261142,7.1049346873350885,6.669245156700924,90.9518211820067,0.2595013142057354,6.929835054435941,6.753884340390414,6.519623276585932
2016,Septiembre,89.08650947,7.817989148306225,7.093582714035989,6.775484051840024,92.0541042458582,1.2286628104878616,7.706264831991504,7.173271550066573,6.807961075706515,90.9565384314386,0.005186536531766706,6.552167960744953,6.731008152851189,6.5151303058
2016,Octubre,91.26531816,5.280543820640247,6.90540476307919,6.725965542333483,90.824438833389,-1.3358072652415558,5.408536270716809,6.991870644388598,6.772597241701732,90.8449067017671,-0.12273084661819667,6.073073305933079,6.663795703978636,6.51016951001057
2016,Noviembre,91.1402018,4.7087699936770235,6.69808770424045,6.446033881391244,90.0697601643838,-0.8309202662838402,4.35224145758832,6.745442992122037,6.4575406182104444,90.8278732292488,-0.018750057803700315,5.691939650816352,6.5734370578580865,6.4984613662701065
2016,Diciembre,94.03903419,6.946847142199658,6.719740786248423,6.719740786248423,90.5154608291475,0.4948394044241695,6.242898847627899,6.703041187113385,6.703041187113385,91.0477333245703,0.24206236203130516,5.554666887147789,6.4864788694301865,6.4864788694301865
2017,Enero,87.75082212,5.408879636866828,5.408879636866828,6.931975425890812,88.6318456638652,-2.080987212601954,5.1896301359197565,5.1896301359197565,6.907810177125185,91.5296237551177,0.5292722981137103,5.5601593713477655,5.5601593713477655,6.460992378771493
2017,Febrero,89.75740773,4.839108820818524,5.120001916418744,6.695916690669378,91.9988810053806,3.7989001766755734,4.689460607790636,4.934287931639503,6.633146369939638,92.1264026679458,0.6520062995394369,5.494673405549278,5.527299832792835,6.399638187073322
2017,Marzo,95.1014568,6.294224004059984,5.526678093934237,6.637324127291393,93.390832709673,1.513009385636991,6.448436444087946,5.445471203865111,6.602986272749021,92.7331043189375,0.6585535019515163,5.335451316472529,5.462853643685307,6.295483930480941
2017,Abril,94.00501949,0.39166470546625476,4.160559537676619,5.794955489171045,93.7869778607995,0.42417991106043473,1.1949654675133843,4.328084065591469,5.798661815342825,93.1712204022051,0.47244841686824657,4.897196686569998,5.319669425938727,6.126988241587156
2017,Mayo,95.29715924,3.969420575635368,4.121068090348402,5.604980788385873,93.3232397430719,-0.49445896253944,4.468517579278483,4.356474333079603,5.621465563255242,93.3683241662281,0.21155005072613164,4.206461182223833,5.09323523302163,5.876896543668337
2017,Junio,91.32815833,2.093401582616707,3.7808111259468973,5.031995556284798,93.0197047330343,-0.32525125667866917,2.218282797599727,3.991332471010395,5.040901951038862,93.4412630667261,0.07811953480940304,3.525019204387675,4.826545138506376,5.561187172861963
2017,Julio,91.97045364,3.0029258468988758,3.6692115088586803,4.838322950232083,92.913758528322,-0.11389651796504552,3.067782232747291,3.8577011514861965,4.84866580003596,93.5441750460465,0.11013547542366098,3.117147288314115,4.577022864993509,5.221949469034854
2017,Agosto,94.91546085,5.275311132037629,3.8724367289270134,4.621101836087178,95.5747909018741,2.8639809816120447,5.100238176767661,4.015960956058635,4.634766736659017,93.7603892123903,0.23113589513977217,3.087973384021936,4.386922158829449,4.9004729055004645
2017,Septiembre,88.70222743,-0.4313582856553637,3.394142702667537,3.949355481438971,91.7105636062175,-4.043144912159903,-0.3731942670618622,3.514684302280642,3.9545746445216707,94.0565300859344,0.31584859665341014,3.4082119965817697,4.276114887621091,4.639710140962848
2017,Octubre,95.03719776,4.132872898538963,3.4696512166376436,3.856975255807967,94.877791112363,3.453503480520297,4.462843185202161,3.610705253323559,3.8805204243901983,94.4374698106058,0.4050114588783629,3.9546114793564016,4.243453056486473,4.466235304607082
2017,Noviembre,96.77821726,6.186090603981967,3.7212471554147584,3.9858372906972193,95.3771246005521,0.5262912240418132,5.892504239471691,3.8189510953239676,4.011573052191125,94.9433509016568,0.5356783616349929,4.531073475672585,4.269973475521809,4.373410800346917
2017,Diciembre,99.83058189,6.158663527209924,3.9338617642910236,3.9338617642910236,95.3497470891086,-0.02870448397155201,5.3408403555344535,3.946805676552458,3.946805676552458,95.565718023801,0.655514173698009,4.962215460240856,4.328543468490636,4.328543468490636
2018,Enero,95.12044562501521,8.39835266151374,8.39835266151374,4.18231780596912,95.6270643529936,0.29084215989145434,7.8924438916206725,7.8924438916206725,4.173269936461182,96.3228417682639,0.7922545449554832,5.236794183673467,5.236794183673467,4.306654958821582
2018,Febrero,94.68730753462656,5.492471239205372,6.928987641888654,4.238786565929999,96.5559275516023,0.9713392384188779,4.953371711070247,6.395515009195265,4.197587223756344,97.2285639899414,0.9402984848147611,5.538218332897998,5.3879959878621975,4.315600389298055
2018,Marzo,101.06712807855953,6.272954673139708,6.700126768294837,4.247531387937741,99.6384332251298,3.1924561771519535,6.689736384382499,6.495790255026293,4.229897412033409,98.2533845680963,1.0540324119781417,5.952869031724475,5.577520195137666,4.372501138484267
2018,Abril,98.78366596089812,5.08339501105732,6.2855746573078335,4.649863802558542,99.4716915626082,-0.1673467327058944,6.061303852061499,6.385001182642355,4.6445054922327245,99.2632192820095,1.0277861860456596,6.538498533674058,5.819795981228637,4.5142707918258225
2018,Mayo,100.54051497553124,5.50211126684917,6.123938117796499,4.780830925780805,98.7454142421938,-0.730134683551924,5.810101014548664,6.2686536462258005,4.758028329277607,100.121896129431,0.8650503717615408,7.233258199193088,6.104877907672531,4.770473109161216
2018,Junio,99.45896553721194,8.902848098428251,6.582677037287581,5.3425233222055795,101.446291715145,2.735192812424401,9.058926822327493,6.737028080887313,5.332514229902955,100.673224647979,0.5506572886267378,7.739580292368899,6.3794230349843275,5.1243316041594085
2018,Julio,100.45647564759354,9.22690023995139,6.959593432807452,5.856782740550031,101.685923990311,0.23621590411492832,9.441191058173644,7.12532578298304,5.8644546100806,100.940671662919,0.2656585361948913,7.906955845440521,6.599285619376104,5.524843718001236
2018,Agosto,100.69497707239319,6.089119908006197,6.847961896200076,5.924143097182011,101.353478756245,-0.32693338568441277,6.046246923316673,6.986452665383808,5.942991685754762,101.069611209049,0.12773795141821154,7.795639563847729,6.75011855915271,5.917265163107828
2018,Septiembre,97.26934683430993,9.658291175462026,7.148726852338825,6.736084503285184,100.274047457354,-1.0650165264549258,9.337510875961883,7.244877450982656,6.7503494331016896,101.12569214382,0.05548743494718167,7.51586524766212,6.836093023071044,6.258183746261992
2018,Octubre,100.57583195833452,5.8278593317969865,7.012850400272399,6.872479162432526,100.696705939654,0.4215033630508884,6.133063132129308,7.131356934062865,6.884781656360843,101.205535201954,0.07895427605129157,7.166716140237071,6.869588266217789,6.523045169422261
2018,Noviembre,103.50822562458077,6.954052838667437,7.007275169800934,6.935682935196013,101.629871288391,0.9267089126989276,6.555813790807761,7.07778153404152,6.93679231829465,101.380727627258,0.17310557664103499,6.780229120277298,6.8613281563564215,6.7066902063206015
2018,Diciembre,107.8371151509453,8.020120798021011,7.097516401424457,7.097516401424457,102.516603848566,0.8725117418074433,7.516387802014464,7.115123201434798,7.115123201434798,101.821147588613,0.43442177982217345,6.545683634432663,6.834459537845802,6.834459537845802
2019,Enero,102.09844738245775,7.335964115381984,7.335964115381984,7.016416341657148,102.126037921283,-0.3809782148655074,6.79616551262032,6.79616551262032,7.02692380228342,102.485478388826,0.6524487456152741,6.397897432665388,6.397897432665388,6.926863533716542
2019,Febrero,100.61275414087842,6.257910126006024,6.79816717120174,7.0737662354815996,101.717593901722,-0.39994111969350854,5.3457788465251355,6.067467158695152,7.0520583780358805,103.196091360264,0.6933791817236568,6.1376277972592135,6.267153650146227,6.9720655929679225
2019,Marzo,106.13333074654201,5.012710625401866,6.177794024421559,6.957719815997848,105.24677244641,3.4695851615383617,5.628690696699692,5.917652938612221,6.957148172172211,103.867293168418,0.6504139830362305,5.713705054537726,6.080802364952504,6.946474613179987
2019,Abril,102.78998917166646,4.0556535048559255,5.639802950662954,6.861104975733426,104.584695393526,-0.6290711225573489,5.14015972845867,5.720004266828326,6.872560964783901,104.452708639413,0.5636186841278032,5.228008314600416,5.864341082662293,6.830611495622293
2019,Mayo,107.43111374856781,6.8535542857658385,5.888745051331455,6.973181421008803,105.699952877812,1.066367770245492,7.042897828714075,5.986574474108991,6.973506237306836,104.948328610761,0.47449221547614684,4.820556409649598,5.651580805237799,6.623089623838595
2019,Junio,101.04886892827926,1.5985521088820036,5.165108414572913,6.358787101532798,102.979659085573,-2.5735998154924715,1.5115065760447948,5.21905005750871,6.327094599773602,105.336426654366,0.36979916568695614,4.632018118712963,5.478157832740237,6.359938543868935
2019,Julio,104.41906500900856,3.9445832992548873,4.987442750502154,5.924332366685519,106.11190914858,3.0416201518051196,4.352603570471288,5.091945138483169,5.906773149770814,105.679543265273,0.32573405212694695,4.694709797631404,5.364010406523704,6.091568132235366
2019,Agosto,105.32904803228644,4.60208750686904,4.938374879690642,5.797292002553604,106.141290363366,0.027688894697817545,4.723874963024883,5.044992268430008,5.793087761572835,106.002769347391,0.3058549196287146,4.880950939979783,5.302511140193445,5.851021907693735
2019,Septiembre,102.73108541561784,5.615066574479542,5.012491452611243,5.491963024366456,105.552092481993,-0.5551071400733179,5.263620207296142,5.069492436772379,5.4727285988483345,106.262324871421,0.2448573047930438,5.0794537161691125,5.277307945848179,5.65218668484782
2019,Octubre,105.60407390898854,4.999453499660916,5.011165101743671,5.423238051521608,106.104659222822,0.5235014558553388,5.370536436821368,5.09994375977611,5.411237996586877,106.13207232411,-0.12257641404760022,4.867853435412556,5.235711007648419,5.464772320102071
2019,Noviembre,107.91903412979258,4.261312063458206,4.940098817997111,5.1980535762064335,105.788340792438,-0.2981192651679123,4.0917787765829985,5.0065545001382645,5.2072396729189165,105.198319921533,-0.8798022898539841,3.765599619989885,5.099921148847557,5.215719836556531
2019,Diciembre,112.61155078664419,4.427451187854814,4.894030116727507,4.894030116727507,106.705875292697,0.8673304575777934,4.086432135734071,4.927924489800773,4.927924489800773,103.305440680508,-1.7993436040013648,1.457745396753893,4.790726134558128,4.790726134558128
2020,Enero,106.72601884387016,4.532460169622027,4.532460169622027,4.670999059022591,106.32425275041,-0.3576396718926702,4.1108172945697845,4.1108172945697845,4.7106178487609895,100.602662855298,-2.61629765809613,-1.8371534807933187,-1.8371534807933187,4.098879700003195
2020,Febrero,105.74336712822463,5.099366408519444,4.813835829213062,4.582648153963163,105.906530052058,-0.3928762136072237,4.118202161155409,4.114502329288101,4.610240198764302,97.6521629272816,-2.932824881842606,-5.372227145336552,-3.61079700800137,3.1285370131337515
2020,Marzo,93.25329950371056,-12.135708125085003,-1.0108149790214895,3.090131477668592,92.8582614206828,-12.320551551411768,-11.770917756205051,-1.2945597763612255,3.1100962555311753,95.0685466735673,-2.6457337720601544,-8.471142576695229,-5.241657264845159,1.9299763385119348
2020,Abril,73.94403162682292,-28.06300280533037,-7.7660649614529405,0.39154475376119535,76.6852331405963,-17.416897573406644,-26.67642923082677,-7.711564540671247,0.3956241412594039,93.4837520229344,-1.667002080166995,-10.501361582058294,-6.568682088710574,0.5998553528482091
2020,Mayo,88.6113998405126,-17.517936146599894,-9.784411604973627,-1.702848000037477,86.506087520197,12.806708641799318,-18.15882111111526,-9.837724666761801,-1.7342690177749347,93.2187949542696,-0.28342579638844256,-11.176484477418057,-7.500527646648379,-0.7516252826560503
2020,Junio,94.49561072743546,-6.48523656954049,-9.246804592860784,-2.362447759105436,96.3562711944841,11.386694227718166,-6.431743851069726,-9.274144546454835,-2.394983166665014,94.0631192298396,0.905744679476058,-10.70219275760779,-8.040747650903839,-2.0425066007023815
2020,Julio,94.70966359213602,-9.298494883127788,-9.254254146628497,-3.4624288798822107,96.9299577400073,0.5953805999458837,-8.653082846446523,-9.183677748378557,-3.488312735744998,95.466077212386,1.4915069732254267,-9.66456301504779,-8.275832704961672,-3.2438589627052465
2020,Agosto,96.07106786042654,-8.78957927068899,-9.195275996130832,-4.570662200431002,97.1890072895647,0.2672543717106066,-8.434307745038609,-9.08837659192821,-4.583158714463792,96.9604910633817,1.565387302623762,-8.53022835127642,-8.308090665065919,-4.356657379542028
2020,Septiembre,96.91154693082882,-5.664827214902857,-8.806374769049569,-5.457083059204152,99.5669331261976,2.446702464557646,-5.670337001435058,-8.704632091445745,-5.4684016869641425,98.3638145895576,1.4473147885137934,-7.433029807526523,-8.209403607806465,-5.384329700596155
2020,Octubre,98.497801877471,-6.729164669955679,-8.595083766701222,-6.406239473151302,99.4337879592428,-0.1337242825246392,-6.287067233843345,-8.459460000219877,-6.410739417353753,99.6952965482601,1.35362985286649,-6.064873355335081,-7.9922999596388,-6.271063723856415
2020,Noviembre,101.68311640566381,-5.778329814024204,-8.329856555007765,-7.232757821301263,99.3823730411156,-0.051707693312735614,-6.055457249198412,-8.2387102070346,-7.231566619789007,101.121698719314,1.430761751496874,-3.8751770990827055,-7.616841467222173,-6.88082288696063
2020,Diciembre,108.27620642136415,-3.849822096397432,-7.929052343843168,-7.929052343843168,102.151251419847,2.7860859969462552,-4.268390901959748,-7.902143447719865,-7.902143447719865,102.728856450765,1.5893302345642297,-0.5581353953333519,-7.036666429583789,-7.036666429583789
2021,Enero,106.66995346063284,-0.05253206654259657,-0.05253206654259657,-8.270738654797995,106.001477735328,3.769142582166097,-0.3035760955119997,-0.3035760955119997,-8.233844414195673,104.509524580171,1.733367031355428,3.8834575686057775,3.8834575686057775,-6.585888579641448
2021,Febrero,107.31182313624046,1.4832665637684102,0.7118157836523125,-8.518105676389567,106.332070691823,0.311875799807666,0.401807744579898,0.04842163955953538,-8.503622714774934,106.250565530622,1.6659160564025228,8.805132774932332,6.307672097690855,-5.4832175030435195
2021,Marzo,107.31819103611872,15.082459931456384,5.0952326723623,-6.459515839356072,107.461400027704,1.062077817664317,15.726267521705466,4.820200695554263,-6.4364362660135725,107.661691299424,1.328111301577323,13.246383863526631,8.556566339704986,-3.797844253036601
2021,Abril,105.42748980537255,42.57741630513033,12.395276756117426,-1.6936219417888907,108.898899130298,1.3376887907875954,42.007652152064935,12.289872053559463,-1.6830422754816539,108.612510462722,0.8831545852773388,16.183302565857716,10.399800016101636,-1.7093910838192983
2021,Mayo,112.41286224061383,26.86049700483271,15.132503563996693,1.8084072961315627,109.81334559811,0.8397205803870094,26.94291089337655,14.996748436531917,1.8094917312487837,109.140454283953,0.486080120035723,17.07988108781508,11.697040607686858,0.5444659127356317
2021,Junio,108.06974066049936,14.36482586711601,15.003602427995148,3.4936167977879222,109.580179996885,-0.21232902062591563,13.723973165908362,14.779547016522017,3.471978658712871,109.562794992541,0.3869699016362631,16.477952134277558,12.480381554241433,2.7683028707107695
2021,Julio,106.63742625361388,12.59402917198014,14.65650640167651,5.337770165772298,109.244395697019,-0.3064279506344434,12.704470572495666,14.475515534421561,5.3023283450749545,110.160094379989,0.5451662560166142,15.391872795729128,12.895505927235831,4.873705993656813
2021,Agosto,108.7317301161356,13.178433983998843,14.468066145206436,7.233273309863321,110.052474401201,0.7396980861362721,13.235516516092119,14.316684056333656,7.186706216875763,110.966488937597,0.732020576186514,14.445056662367548,13.091516548345012,6.85186819073455
2021,Septiembre,109.7312209026649,13.228221381076708,14.32678445588482,8.853207425960093,112.238546043595,1.986390269086158,12.726728161182365,14.132246358414676,8.808471947191691,111.938291202073,0.8757619293717482,13.800274693653947,13.172124495601764,8.718243578825778
2021,Octubre,111.81867822363753,13.524034133002672,14.243462898624728,10.653667651306904,113.269014849672,0.9181059826601512,13.914009688638387,14.109589135231062,10.610966309546143,113.01682729981,0.9635095248953007,13.362245976269563,13.191774831693053,10.45039370240886
2021,Noviembre,117.18228912148004,15.242621650168957,14.340162915811845,12.57924523086416,115.147422537492,1.6583596937900182,15.863023807908291,14.274430796527525,12.57435153350606,114.019068473091,0.8868070332767957,12.754304879288611,13.150264225080718,11.938844196315102
2021,Diciembre,120.00500557542225,10.832295978688691,14.012428906107473,14.012428906107473,114.14214721519,-0.8730332821602644,11.738373860991459,14.050965225740313,14.050965225740313,114.722278629813,0.6167478529154806,11.674832752368957,13.02054314540743,13.02054314540743
2022,Enero,115.31709507989171,8.106445478529395,8.106445478529395,14.764116773053871,114.562267765891,0.3680678530682826,8.076104421806434,8.076104421806434,14.821385499003298,115.156560416391,0.3785505237211595,10.187622495643907,10.187622495643907,13.552088712481591
2022,Febrero,118.41724668299193,10.348741846135894,9.230956710497253,15.566005261531558,116.371143224968,1.5789452272134241,9.441246152574934,8.759738016665494,15.645132342808395,115.394646139777,0.20674959596318843,8.606147707062917,9.390353000404943,13.499622871085151
2022,Marzo,115.06548738404068,7.218996400446741,8.558936907626546,14.841702668965297,115.386508164076,-0.846116170731861,7.374841696021889,8.29436825948629,14.88169601335656,115.537711841792,0.12397949714384993,7.3155274149126654,8.68883305193873,12.961958540557902
2022,Abril,111.13361517299583,5.412369561446681,7.781544473582812,12.316792113066484,114.901132215086,-0.42065225537444917,5.511748174429471,7.587513552642491,12.311216149081815,115.651321008222,0.09833080871945299,6.480662785081151,8.12720387887947,12.130376941663684
2022,Mayo,118.93223688051765,5.799491721818669,7.36827873402477,10.673117899905009,115.512982040968,0.5325011286543884,5.190294869730366,7.098668450788324,10.645762779710566,115.722775213316,0.06178416681372312,6.0310550955172175,7.700524643979506,11.210000159837975
2022,Junio,116.35055952506062,7.662476854252304,7.417403301926441,10.130869728040054,117.684831939363,1.8801781929798267,7.396092927305276,7.148957700387925,10.12054920084033,115.759337697337,0.03159489042118935,5.655699733853865,7.353577597932031,10.31967839417112
2022,Julio,111.24541815165745,4.321176963784239,6.979418678152854,9.451490803209438,114.05068538964,-3.0880330878965623,4.39957552234614,6.752361905884754,9.423015135190099,115.813545514983,0.04682803022571136,5.132031854922744,7.029822532144635,9.478332177985166
2022,Agosto,114.75802805929689,5.542354505648575,6.798270708508497,8.833879802532138,116.288348930334,1.9619904370143075,5.666273805348382,6.614560598323578,8.80470106483564,115.948967564093,0.11693109688320646,4.490075043554768,6.704711763752698,8.662500835444817
2022,Septiembre,113.62849407253327,3.5516538846545416,6.431870005498837,8.04881343392961,116.25455703319,-0.029058712635304573,3.578103183941053,6.266663868042841,8.04167011613879,116.139057652917,0.16394289040904653,3.7527519901663595,6.367118264326493,7.839822661353253
2022,Octubre,114.07683541725436,2.0194812078716495,5.976769707985667,7.111096097550501,115.982070501146,-0.23438782874222852,2.395231966195425,5.865422614420083,7.096482060135642,116.374404303529,0.20264212175315777,2.970864679126109,6.015563913753567,6.990197382571424
2022,Noviembre,118.78751349709071,1.3698523792674564,5.527386545430971,5.965994442948812,117.044711577501,0.9162115073161345,1.647704306530386,5.463399748436103,5.952638884977546,116.663415913263,0.24834637089112732,2.3192150888305747,5.666052502671164,6.137770836174369
2022,Diciembre,122.81385980727254,2.340614225533244,5.237956529298174,5.237956529298174,117.389177044618,0.2943024614050245,2.844724677648159,5.237333036762877,5.237333036762877,116.994597757201,0.2838780618118051,1.980713035451771,5.3458926066524555,5.3458926066524555
2023,Enero,117.28642385575702,1.707750940570378,1.707750940570378,4.701795493087758,116.661905964937,-0.6195384429729529,1.8327484607206372,1.8327484607206372,4.7181108235385665,117.314728939175,0.273629029126937,1.8741168674892208,1.8741168674892208,4.665454315979844
2023,Febrero,120.53486483003812,1.7882683531016,1.7485436209701675,3.9926627135033357,117.582780193476,0.7893529776684431,1.041183350897981,1.4338657855294485,4.0244040592069865,117.598632497636,0.24200163187369128,1.9099554715816964,1.8920546744483318,4.115844305494278
2023,Marzo,118.05989368753009,2.6023496458980304,2.030205474503859,3.617354855648074,118.399085502381,0.6942388226931087,2.610857531125916,1.8260146633465553,3.6365161255248495,117.893822250435,0.25101461346068277,2.0392565951706416,1.9411963030728288,3.6823808215868894
2023,Abril,111.33033086637687,0.17700827339668024,1.5824178497268804,3.195374348850237,115.171727053308,-2.7258305546693578,0.23550232535174587,1.429780215905737,3.197313885390855,118.160289665783,0.22602322179525913,2.169424988567698,1.9983603678799255,3.329015814435081
2023,Mayo,123.04931287225713,3.46169894700256,1.9685300548290456,3.003564139441778,118.957812725737,3.287339496677504,2.982202193989991,1.740711913509685,3.0181734626749943,118.392519432724,0.19653791269288945,2.3070171057397886,2.060214743639307,3.025626551466715
2023,Junio,117.38706167405276,0.8908441465370913,1.7881698286479377,2.456356602581451,118.499033313069,-0.38566564242881896,0.691849034653444,1.5629586038219685,2.4675711841267685,118.574446169067,0.15366404669374845,2.4318629734132884,2.1222752827884506,2.764749356076692
2023,Julio,115.92010115625214,4.202135316909718,2.1211585047856687,2.452972326311283,118.646363871266,0.12433059922756229,4.029505360643327,1.910914006599441,2.443599347056818,118.687578673665,0.0954105275235122,2.4816036379010455,2.1737131620237022,2.5510400903894634
2023,Agosto,117.0591776416456,2.0052188254399823,2.106715686026803,2.172313427786321,118.643603750163,-0.0023263427659685476,2.0253575199008083,1.92530528372437,2.1512587437496364,118.815655368455,0.10791078242664298,2.472370271669206,2.2111505135032417,2.388355951643419
2023,Septiembre,116.74412312957051,2.7419434557043587,2.176465023355817,2.1097125316761804,119.651909341871,0.8498608941711439,2.9223390423405817,2.0366485411548467,2.100299779776819,119.076610324095,0.21963011088965345,2.5293408871603873,2.2466451643634144,2.2897544123132008
2023,Octubre,116.57074407869136,2.1861657121843763,2.1774282053451657,2.1232836428344513,118.874194062487,-0.6499815035645611,2.493595388359978,2.0824548437791606,2.109106460042568,119.505574624454,0.36024228367894295,2.6906005144896312,2.2912802521103686,2.267876020288213
2023,Noviembre,121.18235185147034,2.0160691000896236,2.1623084944951216,2.1777277564846855,119.813797190677,0.7904180849344584,2.365835735638882,2.108488763100212,2.1690251951480093,120.138005216332,0.5292059335854589,2.9783023888588076,2.354184628030225,2.3233357512135484
2023,Diciembre,125.88649303367909,2.5018619488291733,2.1922984829237038,2.1922984829237038,120.869108612825,0.8807929027310166,2.96443987070829,2.180701889531747,2.180701889531747,120.957929600742,0.6824854324271286,3.387619530746292,2.4410952772406773,2.4410952772406773
2024,Enero,122.78191199317031,4.685527921093268,4.685527921093268,2.442423905241455,122.371785446716,1.2432265374806946,4.8943821331833135,4.8943821331833135,2.436488231439654,121.846052389272,0.7342410633693248,3.8625358393372693,3.8625358393372693,2.6076385782348694
2024,Febrero,129.46583842118432,7.40945252955602,6.0660934974662695,2.927263254941039,125.95907107485,2.931464646886269,7.123739434967675,6.0134428635990105,2.948062725719197,122.703039969072,0.7033363518927302,4.340533017285381,4.101823269054421,2.8113584947674184
2024,Marzo,119.64430808647367,1.3420428813336542,4.498938668442236,2.820105429899016,119.810119010429,-4.881706424118548,1.1917604786057439,4.39457750755561,2.827128813598449,123.469487740232,0.6246363344813517,4.729395810030596,4.311532506893201,3.036937839065928
2024,Abril,120.83341943013014,8.535938490256754,5.460902389656312,3.48549358364707,124.609074875419,4.005467905905562,8.194153255809795,5.3299969243965535,3.4822756756802278,124.07181044215,0.48783121477367786,5.002967403928821,4.485005522210159,3.27446963819078
2024,Mayo,128.8917116874949,4.748014173230715,5.312289435339636,3.598326032887968,124.155197182308,-0.3642412830403998,4.3690988741982295,5.135192000458332,3.5987674990704903,124.497487328749,0.3430891232118114,5.156548678309122,4.619907258214596,3.513078083568331
2024,Junio,123.43862583399802,5.155222452665669,5.286234624888934,3.9531310344459456,124.643321434671,0.3931565197759994,5.185095565606062,5.143576739024724,3.976778906870564,124.796092146891,0.23984806806060988,5.247037771488294,4.724947568722641,3.7483519173258912
2024,Julio,122.74039026782891,5.883612111745393,5.370317614556626,4.092429427754809,125.180186826379,0.4307213459402277,5.506972773478623,5.195906680901146,4.101550566736577,124.976696338863,0.1447194290021656,5.298884462450886,4.807354253731489,3.983125534327854
2024,Agosto,123.88827214171354,5.833882176221934,5.4280073010765335,4.406896091144503,125.547711368429,0.2935964159885458,5.819199181444731,5.274362680556649,4.417484934776255,125.030050964402,0.04269165940691266,5.230283481310408,4.8605048894471,4.212192058925822
2024,Septiembre,121.10530980323823,3.7356798413119066,5.241157811913794,4.485326116612725,124.305370644461,-0.9895367350204225,3.8891659382501444,5.118328773607715,4.495780831500923,125.004159933027,-0.02070784677387394,4.977929412668686,4.873640001312879,4.414819626809432
2024,Octubre,122.92527707686868,5.451224531849675,5.262017133025239,4.750154759904831,125.495055263404,0.9570661450708684,5.569637088295792,5.163752055612278,4.750013074376483,124.993696558013,-0.008370421448063325,4.592356424213179,4.845249467751998,4.571323169340417
2024,Noviembre,125.93992935363934,3.9259656455588754,5.137005309264865,4.908763967810884,124.819018406086,-0.5386960114875023,4.177499864596967,5.072917695569615,4.898403150519144,125.045447604315,0.04140292488908415,4.08483758253368,4.775200917945767,4.660970016817956
2024,Diciembre,129.7495893846785,3.0687139326106347,4.95377662897414,4.95377662897414,124.917856080224,0.07918478722244515,3.3496958105053665,4.926421356792716,4.926421356792716,125.239158345994,0.15491227021071552,3.539436198505939,4.670314323680074,4.670314323680074
2025,Enero,125.57348278883524,2.2736010136576112,2.2736010136576112,4.745144433704439,125.279349484244,0.28938489289140534,2.376008511205413,2.376008511205413,4.710403929439508,125.56572323672,0.26075302248823107,3.0527627071285366,3.0527627071285366,4.598738643277073
2025,Febrero,130.3656061138894,0.6949846412595235,1.4633781598870144,4.156125794110892,126.538003901473,1.004678282901935,0.4596197968774902,1.4039724716401736,4.139879679259977,125.981689103782,0.33127342107353286,2.6720194834100255,2.8617239649792623,4.4551251560904745
2025,Marzo,126.12955771493141,5.420441416879157,2.736435985713598,4.492584512138492,126.30396753651,-0.18495341932627696,5.420116914762204,2.711011827957904,4.489459443902803,126.406433152684,0.33714744731838664,2.378681135076107,2.6996640745553577,4.254676051546653
2025,Abril,122.88048763526481,1.6941242040397384,2.480824895292983,3.9476263885537435,126.598975291726,0.23356966607619256,1.596914525123026,2.4292733804170723,3.9453866330945857,126.770234483244,0.28780286057164517,2.1748889062533436,2.567351380672477,4.01511582057023
2025,Mayo,132.9486679733202,3.147569562627581,2.619073745013509,3.808813108536782,127.932493081702,1.0533401134591713,3.0423985343500846,2.5526678152697286,3.833454556343426,127.065316170398,0.23276890537977124,2.062554752505477,2.4654260686861846,3.754691194918337
2025,Junio,124.8122241309743,1.1127783444571975,2.369515214647805,3.472252813879706,126.130142492991,-1.4088294109612605,1.192860589084404,2.3241043788847264,3.4978684110116944,127.2895656263,0.17648360910797578,1.9980381088168002,2.3867513289195443,3.4830697579205037
2025,Julio,126.30826788698221,2.906848846877466,2.445515247016175,3.234119038727428,128.398686349185,1.7985739263872205,2.5710934009628374,2.3597765908877335,3.2558970165259353,127.510040224338,0.17320712577908637,2.027053010431686,2.3348631150739436,3.211723471041779
2025,Agosto,125.68656125176005,1.4515410369025687,2.321340925250155,2.877364747638538,127.307809946802,-0.8496009058973755,1.401936012364132,2.238585877954222,2.891041245955222,127.765777561084,0.2005625096628023,2.1880552519817087,2.316348321376836,2.961683628685279
